author_id,author,work_count,award_count,awards
AUTR-000343,東野圭吾,6,6,"HKM,JRA,KIK,KMS,NAO,RAN"
AUTR-000323,宮部みゆき,6,6,"JRA,JSF,KIK,KMS,NAO,YAM"
AUTR-000382,米澤穂信,5,5,"HKM,JRA,KMS,NAO,YAM"
AUTR-000324,桐野夏生,4,5,"JRA,KIK,KMS,NAO,RAN"
AUTR-000355,道尾秀介,4,4,"HKM,JRA,NAO,YAM"
AUTR-000287,皆川博子,4,4,"HKM,JRA,KIK,NAO"
AUTR-000524,青崎有吾,1,4,"HKM,JRA,KMS,YAM"
AUTR-000370,恩田陸,4,4,"HON,JRA,NAO,YAM"
AUTR-000306,高橋克彦,4,4,"JRA,KIK,NAO,RAN"
AUTR-000327,船戸与一,3,4,"JRA,KMS,NAO,YAM"
AUTR-000352,佐々木譲,3,4,"JRA,KMS,NAO,YAM"
AUTR-000312,大沢在昌,3,4,"JRA,KIK,KMS,NAO"
AUTR-000337,京極夏彦,4,4,"JRA,KIK,NAO,YAM"
AUTR-000447,真保裕一,3,4,"JRA,KMS,RAN,YAM"
AUTR-000350,天童荒太,3,4,"JRA,KMS,NAO,YAM"
AUTR-000384,小川哲,3,4,"JRA,JSF,NAO,YAM"
AUTR-000500,山田正紀,2,3,"HKM,JRA,JSF"
AUTR-000504,歌野晶午,2,3,"HKM,JRA,KMS"
AUTR-000521,櫻田智也,2,3,"HKM,JRA,KMS"
AUTR-000398,伊坂幸太郎,1,3,"HON,KMS,YAM"
AUTR-000301,泡坂妻夫,3,3,"JRA,KMS,NAO"
AUTR-000289,逢坂剛,2,3,"JRA,KIK,NAO"
AUTR-000310,高村薫,3,3,"JRA,KMS,NAO"
AUTR-000331,藤田宜永,3,3,"JRA,KIK,NAO"
AUTR-000377,馳星周,3,3,"JRA,KMS,NAO"
AUTR-000386,垣根涼介,3,3,"JRA,NAO,YAM"
AUTR-000505,貴志祐介,3,3,"JRA,JSF,KMS"
AUTR-000455,高野和明,2,3,"JRA,KMS,RAN"
AUTR-000473,呉勝浩,3,3,"JRA,KMS,RAN"
AUTR-000257,井上ひさし,3,3,"JSF,KIK,NAO"
AUTR-000250,陳舜臣,3,3,"KIK,NAO,RAN"
AUTR-000321,篠田節子,3,3,"KIK,NAO,YAM"
AUTR-000330,重松清,3,3,"KIK,NAO,YAM"
AUTR-000379,佐藤究,2,3,"NAO,RAN,YAM"
AUTR-000029,松本清張,2,2,"AKU,KIK"
AUTR-000048,田辺聖子,2,2,"AKU,KIK"
AUTR-000081,宮本輝,2,2,"AKU,KIK"
AUTR-000104,小川洋子,2,2,"AKU,HON"
AUTR-000131,吉田修一,2,2,"AKU,YAM"
AUTR-000151,円城塔,2,2,"AKU,JSF"
AUTR-000530,法月綸太郎,2,2,"HKM,KMS"
AUTR-000503,有栖川有栖,2,2,"HKM,JRA"
AUTR-000511,麻耶雄嵩,2,2,"HKM,JRA"
AUTR-000537,竹本健治,1,2,"HKM,KMS"
AUTR-000538,今村昌弘,1,2,"HKM,KMS"
AUTR-000540,相沢沙呼,1,2,"HKM,KMS"
AUTR-000522,芦辺拓,1,2,"HKM,JRA"
AUTR-000397,佐藤多佳子,2,2,"HON,YAM"
AUTR-000399,湊かなえ,2,2,"HON,YAM"
AUTR-000400,冲方丁,2,2,"HON,JSF"
AUTR-000345,三浦しをん,2,2,"HON,NAO"
AUTR-000359,辻村深月,2,2,"HON,NAO"
AUTR-000361,朝井リョウ,2,2,"HON,NAO"
AUTR-000420,西村京太郎,2,2,"JRA,RAN"
AUTR-000488,辻真先,2,2,"JRA,KMS"
AUTR-000279,胡桃沢耕史,2,2,"JRA,NAO"
AUTR-000490,北方謙三,2,2,"JRA,KIK"
AUTR-000436,岡嶋二人,2,2,"JRA,RAN"
AUTR-000491,志水辰夫,2,2,"JRA,KMS"
AUTR-000425,和久峻三,2,2,"JRA,RAN"
AUTR-000452,福井晴敏,2,2,"JRA,RAN"
AUTR-000499,菅浩江,2,2,"JRA,JSF"
AUTR-000501,古川日出男,1,2,"JRA,JSF"
AUTR-000347,桜庭一樹,2,2,"JRA,NAO"
AUTR-000507,今野敏,1,2,"JRA,YAM"
AUTR-000510,貫井徳郎,2,2,"JRA,YAM"
AUTR-000514,月村了衛,2,2,"JRA,JSF"
AUTR-000515,早見和真,2,2,"JRA,YAM"
AUTR-000477,伏尾美紀,2,2,"JRA,RAN"
AUTR-000262,半村良,2,2,"JSF,NAO"
AUTR-000565,夢枕獏,2,2,"JSF,KIK"
AUTR-000552,森見登美彦,2,2,"JSF,YAM"
AUTR-000300,原尞,2,2,"KMS,NAO"
AUTR-000187,川口松太郎,2,2,"KIK,NAO"
AUTR-000206,源氏鶏太,2,2,"KIK,NAO"
AUTR-000208,柴田錬三郎,2,2,"KIK,NAO"
AUTR-000214,新田次郎,2,2,"KIK,NAO"
AUTR-000216,南條範夫,2,2,"KIK,NAO"
AUTR-000223,多岐川恭,2,2,"NAO,RAN"
AUTR-000224,城山三郎,2,2,"KIK,NAO"
AUTR-000226,平岩弓枝,2,2,"KIK,NAO"
AUTR-000228,司馬遼太郎,2,2,"KIK,NAO"
AUTR-000229,池波正太郎,2,2,"KIK,NAO"
AUTR-000231,黒岩重吾,2,2,"KIK,NAO"
AUTR-000232,水上勉,2,2,"KIK,NAO"
AUTR-000233,伊藤桂一,2,2,"KIK,NAO"
AUTR-000235,杉本苑子,2,2,"KIK,NAO"
AUTR-000240,永井路子,2,2,"KIK,NAO"
AUTR-000246,五木寛之,2,2,"KIK,NAO"
AUTR-000248,野坂昭如,2,2,"KIK,NAO"
AUTR-000251,早乙女貢,2,2,"KIK,NAO"
AUTR-000253,結城昌治,2,2,"KIK,NAO"
AUTR-000254,渡辺淳一,2,2,"KIK,NAO"
AUTR-000258,藤沢周平,2,2,"KIK,NAO"
AUTR-000265,津本陽,2,2,"KIK,NAO"
AUTR-000267,宮尾登美子,2,2,"KIK,NAO"
AUTR-000270,阿刀田高,2,2,"KIK,NAO"
AUTR-000281,高橋治,2,2,"KIK,NAO"
AUTR-000286,林真理子,2,2,"KIK,NAO"
AUTR-000290,白石一郎,2,2,"KIK,NAO"
AUTR-000303,宮城谷昌光,2,2,"KIK,NAO"
AUTR-000307,伊集院静,2,2,"KIK,NAO"
AUTR-000309,北原亞以子,2,2,"KIK,NAO"
AUTR-000316,藤原伊織,1,2,"NAO,RAN"
AUTR-000317,小池真理子,2,2,"KIK,NAO"
AUTR-000320,浅田次郎,2,2,"KIK,NAO"
AUTR-000334,乙川優三郎,2,2,"NAO,YAM"
AUTR-000335,村山由佳,2,2,"KIK,NAO"
AUTR-000338,江國香織,2,2,"NAO,YAM"
AUTR-000339,熊谷達也,1,2,"NAO,YAM"
AUTR-000340,奥田英朗,2,2,"KIK,NAO"
AUTR-000341,角田光代,2,2,"KIK,NAO"
AUTR-000353,白石一文,2,2,"NAO,YAM"
AUTR-000354,中島京子,2,2,"KIK,NAO"
AUTR-000357,池井戸潤,2,2,"NAO,RAN"
AUTR-000364,朝井まかて,2,2,"KIK,NAO"
AUTR-000365,黒川博行,2,2,"KIK,NAO"
AUTR-000369,荻原浩,2,2,"NAO,YAM"
AUTR-000383,窪美澄,2,2,"NAO,YAM"
AUTR-000387,永井紗耶子,1,2,"NAO,YAM"
AUTR-000423,森村誠一,2,2,"KIK,RAN"
AUTR-000547,帚木蓬生,2,2,"KIK,YAM"
AUTR-000001,石川達三,1,1,AKU
AUTR-000002,鶴田知也,1,1,AKU
AUTR-000003,小田嶽夫,1,1,AKU
AUTR-000004,冨澤有爲男,1,1,AKU
AUTR-000005,石川淳,1,1,AKU
AUTR-000006,尾崎一雄,1,1,AKU
AUTR-000007,火野葦平,1,1,AKU
AUTR-000008,中山義秀,1,1,AKU
AUTR-000009,中里恒子,1,1,AKU
AUTR-000010,長谷健,1,1,AKU
AUTR-000011,半田義之,1,1,AKU
AUTR-000012,寒川光太郎,1,1,AKU
AUTR-000013,櫻田常久,1,1,AKU
AUTR-000014,多田裕計,1,1,AKU
AUTR-000015,芝木好子,1,1,AKU
AUTR-000016,倉光俊夫,1,1,AKU
AUTR-000017,石塚喜久三,1,1,AKU
AUTR-000018,東野邊薫,1,1,AKU
AUTR-000019,小尾十三登,1,1,AKU
AUTR-000020,八木義徳,1,1,AKU
AUTR-000021,清水基吉,1,1,AKU
AUTR-000022,由起しげ子,1,1,AKU
AUTR-000023,小谷剛,1,1,AKU
AUTR-000024,井上靖,1,1,AKU
AUTR-000025,辻亮一,1,1,AKU
AUTR-000026,石川利光,1,1,AKU
AUTR-000027,安部公房,1,1,AKU
AUTR-000028,堀田善衛,1,1,AKU
AUTR-000030,五味康祐,1,1,AKU
AUTR-000031,安岡章太郎,1,1,AKU
AUTR-000032,吉行淳之介,1,1,AKU
AUTR-000033,庄野潤三,1,1,AKU
AUTR-000034,小島信夫,1,1,AKU
AUTR-000035,遠藤周作,1,1,AKU
AUTR-000036,石原慎太郎,1,1,AKU
AUTR-000037,近藤啓太郎,1,1,AKU
AUTR-000038,菊村到,1,1,AKU
AUTR-000039,開高健,1,1,AKU
AUTR-000040,大江健三郎,1,1,AKU
AUTR-000041,斯波四郎,1,1,AKU
AUTR-000042,北杜夫,1,1,AKU
AUTR-000043,三浦哲郎,1,1,AKU
AUTR-000044,宇能鴻一郎,1,1,AKU
AUTR-000045,川村晃,1,1,AKU
AUTR-000046,河野多惠子,1,1,AKU
AUTR-000047,後藤紀一,1,1,AKU
AUTR-000049,柴田翔,1,1,AKU
AUTR-000050,津村節子,1,1,AKU
AUTR-000051,高井有一,1,1,AKU
AUTR-000052,丸山健二,1,1,AKU
AUTR-000053,大城立裕,1,1,AKU
AUTR-000054,柏原兵三,1,1,AKU
AUTR-000055,大庭みな子,1,1,AKU
AUTR-000056,丸谷才一,1,1,AKU
AUTR-000057,田久保英夫,1,1,AKU
AUTR-000058,庄司薫,1,1,AKU
AUTR-000059,清岡卓行,1,1,AKU
AUTR-000060,古山高麗雄,1,1,AKU
AUTR-000061,吉田知子,1,1,AKU
AUTR-000062,古井由吉,1,1,AKU
AUTR-000063,東峰夫,1,1,AKU
AUTR-000064,李恢成,1,1,AKU
AUTR-000065,宮原昭夫,1,1,AKU
AUTR-000066,畑山博,1,1,AKU
AUTR-000067,郷静子,1,1,AKU
AUTR-000068,山本道子,1,1,AKU
AUTR-000069,三木卓,1,1,AKU
AUTR-000070,森敦,1,1,AKU
AUTR-000071,野呂邦暢,1,1,AKU
AUTR-000072,阪田寛夫,1,1,AKU
AUTR-000073,日野啓三,1,1,AKU
AUTR-000074,林京子,1,1,AKU
AUTR-000075,岡松和夫,1,1,AKU
AUTR-000076,中上健次,1,1,AKU
AUTR-000077,村上龍,1,1,AKU
AUTR-000078,池田満寿夫,1,1,AKU
AUTR-000079,三田誠広,1,1,AKU
AUTR-000080,高城修三,1,1,AKU
AUTR-000082,高橋三千綱,1,1,AKU
AUTR-000083,高橋揆一郎,1,1,AKU
AUTR-000084,青野聰,1,1,AKU
AUTR-000085,重兼芳子,1,1,AKU
AUTR-000086,森禮子,1,1,AKU
AUTR-000087,尾辻克彦,1,1,AKU
AUTR-000088,吉行理恵,1,1,AKU
AUTR-000089,唐十郎,1,1,AKU
AUTR-000090,加藤幸子,1,1,AKU
AUTR-000091,高樹のぶ子,1,1,AKU
AUTR-000092,笠原淳,1,1,AKU
AUTR-000093,木崎さと子,1,1,AKU
AUTR-000094,米谷ふみ子,1,1,AKU
AUTR-000095,村田喜代子,1,1,AKU
AUTR-000096,三浦清宏,1,1,AKU
AUTR-000097,池澤夏樹,1,1,AKU
AUTR-000098,新井満,1,1,AKU
AUTR-000099,李良枝,1,1,AKU
AUTR-000100,南木佳士,1,1,AKU
AUTR-000101,瀧澤美恵子,1,1,AKU
AUTR-000102,大岡玲,1,1,AKU
AUTR-000103,辻原登,1,1,AKU
AUTR-000105,荻野アンナ,1,1,AKU
AUTR-000106,辺見庸,1,1,AKU
AUTR-000107,松村栄子,1,1,AKU
AUTR-000108,藤原智美,1,1,AKU
AUTR-000109,多和田葉子,1,1,AKU
AUTR-000110,吉目木晴彦,1,1,AKU
AUTR-000111,奥泉光,1,1,AKU
AUTR-000112,笙野頼子,1,1,AKU
AUTR-000113,室井光広,1,1,AKU
AUTR-000114,保坂和志,1,1,AKU
AUTR-000115,又吉栄喜,1,1,AKU
AUTR-000116,川上弘美,1,1,AKU
AUTR-000117,辻仁成,1,1,AKU
AUTR-000118,柳美里,1,1,AKU
AUTR-000119,目取真俊,1,1,AKU
AUTR-000120,藤沢周,1,1,AKU
AUTR-000121,花村萬月,1,1,AKU
AUTR-000122,平野啓一郎,1,1,AKU
AUTR-000123,玄月,1,1,AKU
AUTR-000124,藤野千夜,1,1,AKU
AUTR-000125,松浦寿輝,1,1,AKU
AUTR-000126,町田康,1,1,AKU
AUTR-000127,堀江敏幸,1,1,AKU
AUTR-000128,青来有一,1,1,AKU
AUTR-000129,玄侑宗久,1,1,AKU
AUTR-000130,長嶋有,1,1,AKU
AUTR-000132,大道珠貴,1,1,AKU
AUTR-000133,吉村萬壱,1,1,AKU
AUTR-000134,綿矢りさ,1,1,AKU
AUTR-000135,金原ひとみ,1,1,AKU
AUTR-000136,モブ・ノリオ,1,1,AKU
AUTR-000137,阿部和重,1,1,AKU
AUTR-000138,中村文則,1,1,AKU
AUTR-000139,絲山秋子,1,1,AKU
AUTR-000140,伊藤たかみ,1,1,AKU
AUTR-000141,青山七恵,1,1,AKU
AUTR-000142,諏訪哲史,1,1,AKU
AUTR-000143,川上未映子,1,1,AKU
AUTR-000144,楊逸,1,1,AKU
AUTR-000145,津村記久子,1,1,AKU
AUTR-000146,磯崎憲一郎,1,1,AKU
AUTR-000147,赤染晶子,1,1,AKU
AUTR-000148,西村賢太,1,1,AKU
AUTR-000149,朝吹真理子,1,1,AKU
AUTR-000150,田中慎弥,1,1,AKU
AUTR-000152,鹿島田真希,1,1,AKU
AUTR-000153,黒田夏子,1,1,AKU
AUTR-000154,藤野可織,1,1,AKU
AUTR-000155,小山田浩子,1,1,AKU
AUTR-000156,柴崎友香,1,1,AKU
AUTR-000157,小野正嗣,1,1,AKU
AUTR-000158,又吉直樹,1,1,AKU
AUTR-000159,羽田圭介,1,1,AKU
AUTR-000160,本谷有希子,1,1,AKU
AUTR-000161,滝口悠生,1,1,AKU
AUTR-000162,村田沙耶香,1,1,AKU
AUTR-000163,山下澄人,1,1,AKU
AUTR-000164,沼田真佑,1,1,AKU
AUTR-000165,石井遊佳,1,1,AKU
AUTR-000166,若竹千佐子,1,1,AKU
AUTR-000167,高橋弘希,1,1,AKU
AUTR-000168,上田岳弘,1,1,AKU
AUTR-000169,町屋良平,1,1,AKU
AUTR-000170,今村夏子,1,1,AKU
AUTR-000171,古川真人,1,1,AKU
AUTR-000172,高山羽根子,1,1,AKU
AUTR-000173,遠野遥,1,1,AKU
AUTR-000174,宇佐見りん,1,1,AKU
AUTR-000175,石沢麻依,1,1,AKU
AUTR-000176,李琴峰,1,1,AKU
AUTR-000177,砂川文次,1,1,AKU
AUTR-000178,高瀬隼子,1,1,AKU
AUTR-000179,井戸川射子,1,1,AKU
AUTR-000180,佐藤厚志,1,1,AKU
AUTR-000181,市川沙央,1,1,AKU
AUTR-000182,九段理江,1,1,AKU
AUTR-000183,朝比奈秋,1,1,AKU
AUTR-000393,松永K,1,1,AKU
AUTR-000185,安堂ホセ,1,1,AKU
AUTR-000186,鈴木結生,1,1,AKU
AUTR-000394,鳥山まこと,1,1,AKU
AUTR-000395,畠山丑雄,1,1,AKU
AUTR-000527,倉知淳,1,1,HKM
AUTR-000528,乙一,1,1,HKM
AUTR-000529,笠井潔,2,1,HKM
AUTR-000531,牧薩次,1,1,HKM
AUTR-000532,三津田信三,1,1,HKM
AUTR-000533,城平京,1,1,HKM
AUTR-000534,大山誠一郎,1,1,HKM
AUTR-000535,森川智喜,1,1,HKM
AUTR-000536,鳥飼否宇,1,1,HKM
AUTR-000539,伊吹亜門,1,1,HKM
AUTR-000541,白井智之,1,1,HKM
AUTR-000542,逸木裕,1,1,HKM
AUTR-000396,リリー・フランキー,1,1,HON
AUTR-000401,東川篤哉,1,1,HON
AUTR-000402,百田尚樹,1,1,HON
AUTR-000403,和田竜,1,1,HON
AUTR-000404,上橋菜穂子,1,1,HON
AUTR-000405,宮下奈都,1,1,HON
AUTR-000406,瀬尾まいこ,1,1,HON
AUTR-000407,凪良ゆう,2,1,HON
AUTR-000408,町田そのこ,1,1,HON
AUTR-000409,逢坂冬馬,1,1,HON
AUTR-000410,宮島未奈,1,1,HON
AUTR-000411,阿部暁子,1,1,HON
AUTR-000485,大岡昇平,1,1,JRA
AUTR-000486,天藤真,1,1,JRA
AUTR-000487,檜山良昭,1,1,JRA
AUTR-000489,加納一朗,1,1,JRA
AUTR-000492,小杉健治,1,1,JRA
AUTR-000493,綾辻行人,1,1,JRA
AUTR-000494,中島らも,1,1,JRA
AUTR-000495,折原一,1,1,JRA
AUTR-000496,梅原克文,1,1,JRA
AUTR-000497,香納諒一,1,1,JRA
AUTR-000498,東直己,1,1,JRA
AUTR-000502,浅暮三文,1,1,JRA
AUTR-000506,戸松淳矩,1,1,JRA
AUTR-000508,柳広司,1,1,JRA
AUTR-000509,飴村行,1,1,JRA
AUTR-000512,山田宗樹,1,1,JRA
AUTR-000513,恒川光太郎,1,1,JRA
AUTR-000516,柚月裕子,1,1,JRA
AUTR-000517,宇佐美まこと,1,1,JRA
AUTR-000518,古処誠二,1,1,JRA
AUTR-000519,葉真中顕,1,1,JRA
AUTR-000520,坂上泉,1,1,JRA
AUTR-000523,芦沢央,1,1,JRA
AUTR-000525,荻堂顕,1,1,JRA
AUTR-000526,古泉迦十,1,1,JRA
AUTR-000570,堀晃,1,1,JSF
AUTR-000571,大友克洋,1,1,JSF
AUTR-000572,川又千秋,1,1,JSF
AUTR-000573,小松左京,1,1,JSF
AUTR-000574,かんべむさし,1,1,JSF
AUTR-000575,荒俣宏,1,1,JSF
AUTR-000576,横田順彌・會津信吾,1,1,JSF
AUTR-000577,椎名誠,1,1,JSF
AUTR-000578,梶尾真治,1,1,JSF
AUTR-000579,筒井康隆,1,1,JSF
AUTR-000580,柾悟郎,1,1,JSF
AUTR-000581,大原まり子,1,1,JSF
AUTR-000582,小谷真理,1,1,JSF
AUTR-000583,神林長平,1,1,JSF
AUTR-000584,金子修介,1,1,JSF
AUTR-000585,庵野秀明,1,1,JSF
AUTR-000586,瀬名秀明,1,1,JSF
AUTR-000587,新井素子,1,1,JSF
AUTR-000588,巽孝之,1,1,JSF
AUTR-000589,北野勇作,1,1,JSF
AUTR-000590,牧野修,1,1,JSF
AUTR-000591,押井守,1,1,JSF
AUTR-000592,飛浩隆,2,1,JSF
AUTR-000593,萩尾望都,1,1,JSF
AUTR-000594,最相葉月,1,1,JSF
AUTR-000595,磯光雄,1,1,JSF
AUTR-000596,伊藤計劃,1,1,JSF
AUTR-000597,長山靖生,1,1,JSF
AUTR-000598,上田早夕里,1,1,JSF
AUTR-000599,宮内悠介,1,1,JSF
AUTR-000600,酉島伝法,2,1,JSF
AUTR-000601,藤井太洋,1,1,JSF
AUTR-000602,長谷敏司,2,1,JSF
AUTR-000603,谷甲州,1,1,JSF
AUTR-000604,森岡浩之,1,1,JSF
AUTR-000605,白井弓子,1,1,JSF
AUTR-000606,山尾悠子,1,1,JSF
AUTR-000607,小川一水,1,1,JSF
AUTR-000608,林譲治,1,1,JSF
AUTR-000609,よしながふみ,1,1,JSF
AUTR-000610,荒巻義雄,1,1,JSF
AUTR-000611,小田雅久仁,1,1,JSF
AUTR-000612,市川春子,1,1,JSF
AUTR-000613,伊藤典夫,1,1,JSF
AUTR-000567,山口雅也,1,1,KMS
AUTR-000568,横山秀夫,2,1,KMS
AUTR-000569,平山夢明,1,1,KMS
AUTR-000188,鷲尾雨工,1,1,NAO
AUTR-000189,海音寺潮五郎,1,1,NAO
AUTR-000190,木々高太郎,1,1,NAO
AUTR-000191,井伏鱒二,1,1,NAO
AUTR-000192,橘外男,1,1,NAO
AUTR-000193,大池唯雄,1,1,NAO
AUTR-000194,河内仙介,1,1,NAO
AUTR-000195,堤千代,1,1,NAO
AUTR-000196,村上元三,1,1,NAO
AUTR-000197,神崎武雄,1,1,NAO
AUTR-000198,田岡典夫,1,1,NAO
AUTR-000199,森荘已池,1,1,NAO
AUTR-000200,岡田誠三,1,1,NAO
AUTR-000201,富田常雄,1,1,NAO
AUTR-000202,山田克郎,1,1,NAO
AUTR-000203,小山いと子,1,1,NAO
AUTR-000204,今日出海,1,1,NAO
AUTR-000205,檀一雄,1,1,NAO
AUTR-000207,久生十蘭,1,1,NAO
AUTR-000209,藤原審爾,1,1,NAO
AUTR-000210,立野信之,1,1,NAO
AUTR-000211,有馬頼義,1,1,NAO
AUTR-000212,戸川幸夫,1,1,NAO
AUTR-000213,梅崎春生,1,1,NAO
AUTR-000215,邱永漢,1,1,NAO
AUTR-000217,今官一,1,1,NAO
AUTR-000218,今東光,1,1,NAO
AUTR-000219,穂積驚勝,1,1,NAO
AUTR-000220,江崎誠致,1,1,NAO
AUTR-000221,榛葉英治,1,1,NAO
AUTR-000222,山崎豊子,1,1,NAO
AUTR-000225,渡邊喜恵子,1,1,NAO
AUTR-000227,戸板康二,1,1,NAO
AUTR-000230,寺内大吉,1,1,NAO
AUTR-000234,杉森久英,1,1,NAO
AUTR-000236,山口瞳,1,1,NAO
AUTR-000237,佐藤得二,1,1,NAO
AUTR-000238,和田芳恵,1,1,NAO
AUTR-000239,安藤鶴夫,1,1,NAO
AUTR-000241,安西篤子,1,1,NAO
AUTR-000242,藤井重夫,1,1,NAO
AUTR-000243,千葉治平,1,1,NAO
AUTR-000244,新橋遊吉,1,1,NAO
AUTR-000245,立原正秋,1,1,NAO
AUTR-000247,生島治郎,1,1,NAO
AUTR-000249,三好徹,1,1,NAO
AUTR-000252,佐藤愛子,1,1,NAO
AUTR-000255,豊田穣,1,1,NAO
AUTR-000256,綱淵謙錠,1,1,NAO
AUTR-000259,長部日出雄,1,1,NAO
AUTR-000260,藤本義一,1,1,NAO
AUTR-000261,井出孫六,1,1,NAO
AUTR-000263,佐木隆三,1,1,NAO
AUTR-000264,三好京三,1,1,NAO
AUTR-000266,色川武大,1,1,NAO
AUTR-000268,有明夏夫,1,1,NAO
AUTR-000269,田中小実昌,1,1,NAO
AUTR-000271,向田邦子,1,1,NAO
AUTR-000272,志茂田景樹,1,1,NAO
AUTR-000273,中村正軌,1,1,NAO
AUTR-000274,青島幸男,1,1,NAO
AUTR-000275,光岡明,1,1,NAO
AUTR-000276,つかこうへい,1,1,NAO
AUTR-000277,深田祐介,1,1,NAO
AUTR-000278,村松友視,1,1,NAO
AUTR-000280,神吉拓郎,1,1,NAO
AUTR-000282,難波利三,1,1,NAO
AUTR-000283,連城三紀彦,1,1,NAO
AUTR-000284,山口洋子,1,1,NAO
AUTR-000285,森田誠吾,1,1,NAO
AUTR-000288,常盤新平,1,1,NAO
AUTR-000291,山田詠美,1,1,NAO
AUTR-000292,阿部牧郎,1,1,NAO
AUTR-000293,西木正明,1,1,NAO
AUTR-000294,景山民夫,1,1,NAO
AUTR-000295,藤堂志津子,1,1,NAO
AUTR-000296,杉本章子,1,1,NAO
AUTR-000297,ねじめ正一,1,1,NAO
AUTR-000298,笹倉明,1,1,NAO
AUTR-000299,星川清司,1,1,NAO
AUTR-000302,古川薫,1,1,NAO
AUTR-000304,芦原すなお,1,1,NAO
AUTR-000305,高橋義夫,1,1,NAO
AUTR-000308,出久根達郎,1,1,NAO
AUTR-000311,佐藤雅美,1,1,NAO
AUTR-000313,中村彰彦,1,1,NAO
AUTR-000314,海老沢泰久,1,1,NAO
AUTR-000315,赤瀬川隼,1,1,NAO
AUTR-000318,乃南アサ,1,1,NAO
AUTR-000319,坂東眞砂子,1,1,NAO
AUTR-000322,車谷長吉,1,1,NAO
AUTR-000325,佐藤賢一,1,1,NAO
AUTR-000326,なかにし礼,1,1,NAO
AUTR-000328,金城一紀,1,1,NAO
AUTR-000329,山本文緒,1,1,NAO
AUTR-000332,唯川恵,1,1,NAO
AUTR-000333,山本一力,1,1,NAO
AUTR-000336,石田衣良,1,1,NAO
AUTR-000342,朱川湊人,1,1,NAO
AUTR-000344,森絵都,1,1,NAO
AUTR-000346,松井今朝子,1,1,NAO
AUTR-000348,井上荒野,1,1,NAO
AUTR-000349,山本兼一,1,1,NAO
AUTR-000351,北村薫,1,1,NAO
AUTR-000356,木内昇,1,1,NAO
AUTR-000358,葉室麟,1,1,NAO
AUTR-000360,安部龍太郎,1,1,NAO
AUTR-000362,桜木紫乃,1,1,NAO
AUTR-000363,姫野カオルコ,1,1,NAO
AUTR-000366,西加奈子,1,1,NAO
AUTR-000367,東山彰良,1,1,NAO
AUTR-000368,青山文平,1,1,NAO
AUTR-000371,佐藤正午,1,1,NAO
AUTR-000372,門井慶喜,1,1,NAO
AUTR-000373,島本理生,1,1,NAO
AUTR-000374,真藤順丈,1,1,NAO
AUTR-000375,大島真寿美,1,1,NAO
AUTR-000376,川越宗一,1,1,NAO
AUTR-000378,西條奈加,1,1,NAO
AUTR-000380,澤田瞳子,1,1,NAO
AUTR-000381,今村翔吾,1,1,NAO
AUTR-000385,千早茜,1,1,NAO
AUTR-000388,河﨑秋子,1,1,NAO
AUTR-000389,万城目学,1,1,NAO
AUTR-000390,一穂ミチ,1,1,NAO
AUTR-000391,伊与原新,1,1,NAO
AUTR-000392,嶋津輝,1,1,NAO
AUTR-000412,中島河太郎,1,1,RAN
AUTR-000413,早川書房,1,1,RAN
AUTR-000414,仁木悦子,1,1,RAN
AUTR-000415,新章文子,1,1,RAN
AUTR-000416,戸川昌子,1,1,RAN
AUTR-000417,佐賀潜,1,1,RAN
AUTR-000418,藤村正太,1,1,RAN
AUTR-000419,西東登,1,1,RAN
AUTR-000421,斎藤栄,1,1,RAN
AUTR-000422,海渡英祐,1,1,RAN
AUTR-000424,大谷羊太郎,1,1,RAN
AUTR-000426,小峰元,1,1,RAN
AUTR-000427,小林久三,1,1,RAN
AUTR-000428,日下圭介,1,1,RAN
AUTR-000429,伴野朗,1,1,RAN
AUTR-000430,藤本泉,1,1,RAN
AUTR-000431,梶龍雄,1,1,RAN
AUTR-000432,栗本薫,1,1,RAN
AUTR-000433,高柳芳夫,1,1,RAN
AUTR-000434,井沢元彦,1,1,RAN
AUTR-000435,長井彬,1,1,RAN
AUTR-000437,中津文彦,1,1,RAN
AUTR-000438,鳥井加南子,1,1,RAN
AUTR-000439,森雅裕,1,1,RAN
AUTR-000440,山崎洋子,1,1,RAN
AUTR-000441,石井敏弘,1,1,RAN
AUTR-000442,坂本光一,1,1,RAN
AUTR-000443,長坂秀佳,1,1,RAN
AUTR-000444,鳥羽亮,1,1,RAN
AUTR-000445,阿部陽一,1,1,RAN
AUTR-000446,鳴海章,1,1,RAN
AUTR-000448,川田弥一郎,1,1,RAN
AUTR-000449,中嶋博行,1,1,RAN
AUTR-000450,渡辺容子,1,1,RAN
AUTR-000451,野沢尚,1,1,RAN
AUTR-000453,新野剛志,1,1,RAN
AUTR-000454,首藤瓜於,1,1,RAN
AUTR-000456,三浦明博,1,1,RAN
AUTR-000457,不知火京介,1,1,RAN
AUTR-000458,赤井三尋,1,1,RAN
AUTR-000459,神山裕右,1,1,RAN
AUTR-000460,薬丸岳,1,1,RAN
AUTR-000461,鏑木蓮,1,1,RAN
AUTR-000462,早瀬乱,1,1,RAN
AUTR-000463,曽根圭介,1,1,RAN
AUTR-000464,翔田寛,1,1,RAN
AUTR-000465,末浦広海,1,1,RAN
AUTR-000466,遠藤武文,1,1,RAN
AUTR-000467,横関大,1,1,RAN
AUTR-000468,川瀬七緒,1,1,RAN
AUTR-000469,玖村まゆみ,1,1,RAN
AUTR-000470,高野史緒,1,1,RAN
AUTR-000471,竹吉優輔,1,1,RAN
AUTR-000472,下村敦史,1,1,RAN
AUTR-000474,斉藤詠一,1,1,RAN
AUTR-000475,神護かずみ,1,1,RAN
AUTR-000476,佐野広実,1,1,RAN
AUTR-000478,桃野雑派,1,1,RAN
AUTR-000479,荒木あかね,1,1,RAN
AUTR-000480,三上幸四郎,1,1,RAN
AUTR-000481,霜月流,1,1,RAN
AUTR-000482,日野瑛太郎,1,1,RAN
AUTR-000483,野宮有,1,1,RAN
AUTR-000484,箕輪尊文,1,1,RAN
AUTR-000543,山田太一,1,1,YAM
AUTR-000544,吉本ばなな,1,1,YAM
AUTR-000545,稲見一良,1,1,YAM
AUTR-000546,久世光彦,1,1,YAM
AUTR-000548,梁石日,1,1,YAM
AUTR-000549,岩井志麻子,1,1,YAM
AUTR-000550,中山可穂,1,1,YAM
AUTR-000551,宇月原晴明,1,1,YAM
AUTR-000553,原田マハ,1,1,YAM
AUTR-000554,小野不由美,1,1,YAM
AUTR-000555,柚木麻子,1,1,YAM
AUTR-000556,朝倉かすみ,1,1,YAM
AUTR-000557,砂原浩太朗,1,1,YAM
AUTR-000558,新川帆立,1,1,YAM
AUTR-000559,蝉谷めぐ実,1,1,YAM
AUTR-000560,山岡荘八,1,1,KIK
AUTR-000561,吉村昭,1,1,KIK
AUTR-000562,船山馨,1,1,KIK
AUTR-000563,尾崎秀樹,1,1,KIK
AUTR-000564,原田康子,1,1,KIK
AUTR-000566,赤川次郎,1,1,KIK
